{
  "precision": 0.6777777777777778,
  "recall": 1.0,
  "f1": 0.8079470198675497,
  "roc_auc": 0.9928511705685619,
  "threshold": 0.6385451276611522
}