{
  "precision": 0.027777777777777776,
  "recall": 0.027918781725888325,
  "f1": 0.027848101265822784,
  "roc_auc": 0.6721530100653036,
  "threshold": 0.6083476901480174
}