{
  "mean": [
    0.02743531716661457,
    0.5497891044214874,
    0.6983735047458454
  ],
  "scale": [
    0.01297431211912943,
    0.2016419255378515,
    0.04609400413805911
  ],
  "cnt_cap": 1000.0
}